"jira_key","summary ","id","parent_key","parent_summary","parent_id","issue_type"
"VIDEO-1264","Skin Cancer","12426","","","",""
"VIDEO-1559","Types of Skin Cancer","12747","VIDEO-1264","Skin Cancer","12426","Editorial Assets"
"VIDEO-1560","What Does Skin Cancer Look Like?","12748","VIDEO-1264","Skin Cancer","12426","Editorial Assets"
"VIDEO-1561","How to Know if a Mole is Irregular | Skin Cancer","12749","VIDEO-1264","Skin Cancer","12426","Editorial Assets"
"VIDEO-1562","What is Basal Cell Carcinoma?","12750","VIDEO-1264","Skin Cancer","12426","Editorial Assets"
"VIDEO-1563","What is Seborrheic Keratosis?","12751","VIDEO-1264","Skin Cancer","12426","Editorial Assets"
"VIDEO-1564","What Happens During Melanoma Surgery?","12752","VIDEO-1264","Skin Cancer","12426","Editorial Assets"
"VIDEO-1565","How is Skin Cancer Treated?","12753","VIDEO-1264","Skin Cancer","12426","Editorial Assets"
"VIDEO-1566","How Do You Know if You Have Melanoma?","12754","VIDEO-1264","Skin Cancer","12426","Editorial Assets"
"VIDEO-1567","What is Intraocular Melanoma?","12755","VIDEO-1264","Skin Cancer","12426","Editorial Assets"
"VIDEO-1568","What is the Cause of Melanoma?","12756","VIDEO-1264","Skin Cancer","12426","Editorial Assets"
"VIDEO-1569","How to Protect Your Skin from Melanoma","12757","VIDEO-1264","Skin Cancer","12426","Editorial Assets"
"VIDEO-1570","What is Lymphoma of the Skin?","12758","VIDEO-1264","Skin Cancer","12426","Editorial Assets"
"VIDEO-1571","How Often Should You Get a Skin Check?","12759","VIDEO-1264","Skin Cancer","12426","Editorial Assets"
"VIDEO-1572","Cures for Skin Cancer","12760","VIDEO-1264","Skin Cancer","12426","Editorial Assets"
"VIDEO-1573","How to Keep Track of Moles","12761","VIDEO-1264","Skin Cancer","12426","Editorial Assets"
"VIDEO-1574","Different Types of Skin Cancer","12762","VIDEO-1264","Skin Cancer","12426","Editorial Assets"
"VIDEO-1575","Where Can You Get Skin Cancer?","12763","VIDEO-1264","Skin Cancer","12426","Editorial Assets"
"VIDEO-1576","How to Protect the Face from Skin Cancer","12764","VIDEO-1264","Skin Cancer","12426","Editorial Assets"
"VIDEO-1577","What is a Full Body Exam? | Skin Cancer","12765","VIDEO-1264","Skin Cancer","12426","Editorial Assets"
"VIDEO-1578","What Warning Signs Does a Doctor Look For | Skin Cancer","12766","VIDEO-1264","Skin Cancer","12426","Editorial Assets"
"VIDEO-1579","Symptoms of Skin Cancer","12767","VIDEO-1264","Skin Cancer","12426","Editorial Assets"
"VIDEO-1580","Why is Sun Harmful to Skin?","12768","VIDEO-1264","Skin Cancer","12426","Editorial Assets"
"VIDEO-1581","Stages of Skin Cancer","12769","VIDEO-1264","Skin Cancer","12426","Editorial Assets"
"VIDEO-1582","What Does Skin Cancer Feel Like?","12770","VIDEO-1264","Skin Cancer","12426","Editorial Assets"
"VIDEO-1583","Early Diagnosis of Skin Cancer","12771","VIDEO-1264","Skin Cancer","12426","Editorial Assets"
"VIDEO-1584","How to Do a Self Check for Skin Cancer","12772","VIDEO-1264","Skin Cancer","12426","Editorial Assets"
"VIDEO-1585","Odds for Getting Skin Cancer","12773","VIDEO-1264","Skin Cancer","12426","Editorial Assets"
"VIDEO-1586","Youth and Skin Cancer","12774","VIDEO-1264","Skin Cancer","12426","Editorial Assets"
"VIDEO-1587","� Why is Early Detection for Melanoma Important?","12775","VIDEO-1264","Skin Cancer","12426","Editorial Assets"
"VIDEO-1588","What is the Survival Rate for People with Melanoma?","12776","VIDEO-1264","Skin Cancer","12426","Editorial Assets"
"VIDEO-1589","Can Dark-Skinned Individuals Get Skin Cancer / Melanoma?","12777","VIDEO-1264","Skin Cancer","12426","Editorial Assets"
"VIDEO-1590","Where Are the Most Common Places to Get Melanoma?","12778","VIDEO-1264","Skin Cancer","12426","Editorial Assets"
"VIDEO-1591","Should You Wear Sunscreen When the Sun is Not Out?","12779","VIDEO-1264","Skin Cancer","12426","Editorial Assets"
"VIDEO-1592","Should You Wear Sunscreen Year Round?","12780","VIDEO-1264","Skin Cancer","12426","Editorial Assets"
"VIDEO-1593","What is the Proper Way to Apply Sunscreen?","12781","VIDEO-1264","Skin Cancer","12426","Editorial Assets"
"VIDEO-1594","Ways to Protect Yourself from Skin Cancer and Melanoma that are Not Sunscreen","12782","VIDEO-1264","Skin Cancer","12426","Editorial Assets"
"VIDEO-1595","What is a Dermatoscope?","12783","VIDEO-1264","Skin Cancer","12426","Editorial Assets"
"VIDEO-1596","Important Questions to Ask Your Dermatologist or Physician","12784","VIDEO-1264","Skin Cancer","12426","Editorial Assets"
"VIDEO-1597","The Most Common Risk Factors for Melanoma","12785","VIDEO-1264","Skin Cancer","12426","Editorial Assets"
"VIDEO-1598","�How to Reduce Your Risk of Developing Melanoma or Skin Cancer��","12786","VIDEO-1264","Skin Cancer","12426","Editorial Assets"
"VIDEO-1599","Is Getting a �Base Tan� Good or Bad for Your Skin?","12787","VIDEO-1264","Skin Cancer","12426","Editorial Assets"
"VIDEO-1600","How often to Get a Skin Cancer Screenings from a Dermatologist","12788","VIDEO-1264","Skin Cancer","12426","Editorial Assets"
"VIDEO-1601","Is Indoor Tanning Linked to Skin Cancer?","12789","VIDEO-1264","Skin Cancer","12426","Editorial Assets"
"VIDEO-1602","What Type of Sun screen Offers the Best Protection?","12790","VIDEO-1264","Skin Cancer","12426","Editorial Assets"
"VIDEO-1603","Does a Family History of Skin Cancer Increase My Risk?","12791","VIDEO-1264","Skin Cancer","12426","Editorial Assets"
"VIDEO-1604","Do Bad Sunburns Increase the Risk of Skin Cancer?","12792","VIDEO-1264","Skin Cancer","12426","Editorial Assets"
"VIDEO-1605","What are the Benefits of Total-Body Photography and Digital Dermoscopy?","12793","VIDEO-1264","Skin Cancer","12426","Editorial Assets"
"VIDEO-1606","What is an Actinic Keratosis?","12794","VIDEO-1264","Skin Cancer","12426","Editorial Assets"
"VIDEO-1607","How is Actinic Keratosis Treated?","12795","VIDEO-1264","Skin Cancer","12426","Editorial Assets"
"VIDEO-1608","What is a Squamous Cell Skin Cancer?","12796","VIDEO-1264","Skin Cancer","12426","Editorial Assets"
"VIDEO-1609","What is a Dysplastic Mole?�","12797","VIDEO-1264","Skin Cancer","12426","Editorial Assets"
"VIDEO-1610","�� How is Vitamin D Related to the Sun?","12798","VIDEO-1264","Skin Cancer","12426","Editorial Assets"
"VIDEO-1611","Are Self-Tanners Safe?","12799","VIDEO-1264","Skin Cancer","12426","Editorial Assets"
"VIDEO-1612","What is Mohs Surgery?�","12800","VIDEO-1264","Skin Cancer","12426","Editorial Assets"
"VIDEO-1613","What is a Skin Biopsy?","12801","VIDEO-1264","Skin Cancer","12426","Editorial Assets"
"VIDEO-1614","� What is Cryosurgery?","12802","VIDEO-1264","Skin Cancer","12426","Editorial Assets"
"VIDEO-1615","About Me","12803","VIDEO-1264","Skin Cancer","12426","Editorial Assets"
"VIDEO-1748","Camera A Reel 1","12936","VIDEO-1264","Skin Cancer","12426","Editorial Assets"
"VIDEO-1749","Camera B Reel 1","12937","VIDEO-1264","Skin Cancer","12426","Editorial Assets"
"VIDEO-1750","Camera A Reel 2","12938","VIDEO-1264","Skin Cancer","12426","Editorial Assets"
"VIDEO-1751","Camera B Reel 2","12939","VIDEO-1264","Skin Cancer","12426","Editorial Assets"
"VIDEO-2442","About Me","13630","VIDEO-1264","Skin Cancer","12426","Editorial Assets"
"VIDEO-1263","Breakdance Moves","12425","","","",""
"VIDEO-2314","How to Do a Windmill","13502","VIDEO-1263","Breakdance Moves","12425","Editorial Assets"
"VIDEO-2315","How to Do Baby Spins","13503","VIDEO-1263","Breakdance Moves","12425","Editorial Assets"
"VIDEO-2317","How to Do Hand Hops | Breakdance Moves","13505","VIDEO-1263","Breakdance Moves","12425","Editorial Assets"
"VIDEO-2318","How to Do Flares | Breakdance Moves","13506","VIDEO-1263","Breakdance Moves","12425","Editorial Assets"
"VIDEO-2319","How to Do Air Flares | Breakdance Moves","13507","VIDEO-1263","Breakdance Moves","12425","Editorial Assets"
"VIDEO-2321","How to Do 2000s | Breakdance Moves","13509","VIDEO-1263","Breakdance Moves","12425","Editorial Assets"
"VIDEO-2322","How to Do a 1990 | Breakdance Moves","13510","VIDEO-1263","Breakdance Moves","12425","Editorial Assets"
"VIDEO-2323","How to Do Air Chair Spins | Breakdance Moves","13511","VIDEO-1263","Breakdance Moves","12425","Editorial Assets"
"VIDEO-2325","How to Do Elbow Tracks | Breakdance Moves","13513","VIDEO-1263","Breakdance Moves","12425","Editorial Assets"
"VIDEO-2327","Best Headspin Drills | Breakdance Moves","13515","VIDEO-1263","Breakdance Moves","12425","Editorial Assets"
"VIDEO-2328","How to Do a Backspin | Breakdance Moves","13516","VIDEO-1263","Breakdance Moves","12425","Editorial Assets"
"VIDEO-2329","How to Do a Shoulder Spin | Breakdance Moves","13517","VIDEO-1263","Breakdance Moves","12425","Editorial Assets"
"VIDEO-2330","How to Headtrack  | Breakdance Moves","13518","VIDEO-1263","Breakdance Moves","12425","Editorial Assets"
"VIDEO-2331","What is Breakdance?","13519","VIDEO-1263","Breakdance Moves","12425","Editorial Assets"
"VIDEO-2332","Who Can Breakdance?","13520","VIDEO-1263","Breakdance Moves","12425","Editorial Assets"
"VIDEO-2333","What to Wear for Breakdancing","13521","VIDEO-1263","Breakdance Moves","12425","Editorial Assets"
"VIDEO-2334","How to Get Started Breakdancing","13522","VIDEO-1263","Breakdance Moves","12425","Editorial Assets"
"VIDEO-2335","Safety for Breakdancing","13523","VIDEO-1263","Breakdance Moves","12425","Editorial Assets"
"VIDEO-2336","Beginner Breakdance Moves to Master","13524","VIDEO-1263","Breakdance Moves","12425","Editorial Assets"
"VIDEO-2443","How to Do Doughnuts","13631","VIDEO-1263","Breakdance Moves","12425","Editorial Assets"
"VIDEO-2804","About Me","13992","VIDEO-1263","Breakdance Moves","12425","Editorial Assets"
"VIDEO-1262","Fun Nature Family Crafts","12424","","","",""
"VIDEO-1348","How to Make Nature Collages","12510","VIDEO-1262","Fun Nature Family Crafts","12424","Editorial Assets"
"VIDEO-1350","How to Make A Birds Nest from Natural Items","12512","VIDEO-1262","Fun Nature Family Crafts","12424","Editorial Assets"
"VIDEO-1351","How to Make Pinecone Ornaments","12513","VIDEO-1262","Fun Nature Family Crafts","12424","Editorial Assets"
"VIDEO-1352","How to Paint Fall Leaves","12514","VIDEO-1262","Fun Nature Family Crafts","12424","Editorial Assets"
"VIDEO-1353","How to Make A Vine Wreath","12515","VIDEO-1262","Fun Nature Family Crafts","12424","Editorial Assets"
"VIDEO-1354","How to Make a Wreath Out of Leaves","12516","VIDEO-1262","Fun Nature Family Crafts","12424","Editorial Assets"
"VIDEO-1355","How to Make a Wreath With Berries","12517","VIDEO-1262","Fun Nature Family Crafts","12424","Editorial Assets"
"VIDEO-1356","How to Make a Wreath With Hydrangea","12518","VIDEO-1262","Fun Nature Family Crafts","12424","Editorial Assets"
"VIDEO-1357","How to Make a Summer Wreath","12519","VIDEO-1262","Fun Nature Family Crafts","12424","Editorial Assets"
"VIDEO-1358","How to Make a Countdown Calendar from Nature","12520","VIDEO-1262","Fun Nature Family Crafts","12424","Editorial Assets"
"VIDEO-1360","How to Punch Letters out of Leaves","12522","VIDEO-1262","Fun Nature Family Crafts","12424","Editorial Assets"
"VIDEO-1361","How to Make a Miniature Nature Shadow Box","12523","VIDEO-1262","Fun Nature Family Crafts","12424","Editorial Assets"
"VIDEO-1362","How to Make Painted Rock Crafts","12524","VIDEO-1262","Fun Nature Family Crafts","12424","Editorial Assets"
"VIDEO-1363","How to Make Decorative Wrapped Sticks","12525","VIDEO-1262","Fun Nature Family Crafts","12424","Editorial Assets"
"VIDEO-1364","How to Print Using Leaves","12526","VIDEO-1262","Fun Nature Family Crafts","12424","Editorial Assets"
"VIDEO-1365","How to Use a Leaf as a Stencil","12527","VIDEO-1262","Fun Nature Family Crafts","12424","Editorial Assets"
"VIDEO-1366","How to Make Acorn Men","12528","VIDEO-1262","Fun Nature Family Crafts","12424","Editorial Assets"
"VIDEO-1367","How to Make a Garland from Autumn Leaves","12529","VIDEO-1262","Fun Nature Family Crafts","12424","Editorial Assets"
"VIDEO-1368","How to Make a Mini Terrarium Inside an Egg","12530","VIDEO-1262","Fun Nature Family Crafts","12424","Editorial Assets"
"VIDEO-1369","How to Make a Flower Crown","12531","VIDEO-1262","Fun Nature Family Crafts","12424","Editorial Assets"
"VIDEO-1370","How to Make Dried Flower Specimen Jars","12532","VIDEO-1262","Fun Nature Family Crafts","12424","Editorial Assets"
"VIDEO-1371","How to Preserve Pressed Flowers","12533","VIDEO-1262","Fun Nature Family Crafts","12424","Editorial Assets"
"VIDEO-1372","How to Make a Nature Mobile","12534","VIDEO-1262","Fun Nature Family Crafts","12424","Editorial Assets"
"VIDEO-1373","How to Make Painted Driftwood","12535","VIDEO-1262","Fun Nature Family Crafts","12424","Editorial Assets"
"VIDEO-1374","How to Make a Leaf Mobile","12536","VIDEO-1262","Fun Nature Family Crafts","12424","Editorial Assets"
"VIDEO-1375","How to Make Nature Collections in Jars","12537","VIDEO-1262","Fun Nature Family Crafts","12424","Editorial Assets"
"VIDEO-1376","How to Press Flowers","12538","VIDEO-1262","Fun Nature Family Crafts","12424","Editorial Assets"
"VIDEO-1377","How to Make Paper Flowers","12539","VIDEO-1262","Fun Nature Family Crafts","12424","Editorial Assets"
"VIDEO-1378","About Me","12540","VIDEO-1262","Fun Nature Family Crafts","12424","Editorial Assets"
"VIDEO-1627","Camera A Reel 1","12815","VIDEO-1262","Fun Nature Family Crafts","12424","Editorial Assets"
"VIDEO-1628","Camera B Reel 1","12816","VIDEO-1262","Fun Nature Family Crafts","12424","Editorial Assets"
"VIDEO-1629","Camera C Reel 1","12817","VIDEO-1262","Fun Nature Family Crafts","12424","Editorial Assets"
"VIDEO-1630","Camera A Reel 2","12818","VIDEO-1262","Fun Nature Family Crafts","12424","Editorial Assets"
"VIDEO-1631","Camera B Reel 2","12819","VIDEO-1262","Fun Nature Family Crafts","12424","Editorial Assets"
"VIDEO-1632","Camera C Reel 2","12820","VIDEO-1262","Fun Nature Family Crafts","12424","Editorial Assets"
"VIDEO-2177","How to Weave with a Forked Branch","13365","VIDEO-1262","Fun Nature Family Crafts","12424","Editorial Assets"
"VIDEO-12338","A Dinosaur Mural Perfect for Any Kids Room","24801","","","","Use for videos to be published.  One video and one thumbnail per ticket."
"VIDEO-17031","Dinosaur Nursery Mural - Editorial Assets","29498","VIDEO-12338","A Dinosaur Mural Perfect for Any Kids Room","24801","Editorial Assets"
"VIDEO-12333","How to Make a Colorful Rainbow Grilled Cheese","24695","","","","Use for videos to be published.  One video and one thumbnail per ticket."
"VIDEO-12334","Rainbow Grilled Cheese - Editorial Assets","24696","VIDEO-12333","How to Make a Colorful Rainbow Grilled Cheese","24695","Editorial Assets"
"VIDEO-12328","2 Easy Ways to Toast Walnuts","24687","","","","Use for videos to be published.  One video and one thumbnail per ticket."
"VIDEO-6314","How to Toast Walnuts - Editorial Assets","17528","VIDEO-12328","2 Easy Ways to Toast Walnuts","24687","Editorial Assets"
"VIDEO-12326","5 Causes of World War I","24683","","","","Use for videos to be published.  One video and one thumbnail per ticket."
"VIDEO-6544","The Top 5 Causes That Led to World War I","17768","VIDEO-12326","5 Causes of World War I","24683","Editorial Assets"
"VIDEO-12324","7 Essentials When Asking for a Letter of Recommendation","24680","","","","Use for videos to be published.  One video and one thumbnail per ticket."
"VIDEO-12325","7 Essentials When Asking for a Letter of Recommendation - Editorial Assets","24682","VIDEO-12324","7 Essentials When Asking for a Letter of Recommendation","24680","Editorial Assets"
"VIDEO-12323","The 11 Greatest Cartoon Characters of All Time","24679","","","","Use for videos to be published.  One video and one thumbnail per ticket."
"VIDEO-6545","Top 50 Cartoon Characters of All Time","17769","VIDEO-12323","The 11 Greatest Cartoon Characters of All Time","24679","Editorial Assets"
"VIDEO-12322","7 Famous African Americans of the 20th Century","24678","","","","Use for videos to be published.  One video and one thumbnail per ticket."
"VIDEO-17045","Famous African Americans - Editorial Assets","29530","VIDEO-12322","7 Famous African Americans of the 20th Century","24678","Editorial Assets"
"VIDEO-12320","A Brief History of the 1990s","24676","","","","Use for videos to be published.  One video and one thumbnail per ticket."
"VIDEO-12317","1990s Timeline - Editorial Assets","24673","VIDEO-12320","A Brief History of the 1990s","24676","Editorial Assets"
"VIDEO-6536","1990s Timeline","17760","VIDEO-12320","A Brief History of the 1990s","24676","Editorial Assets"
"VIDEO-12319","8 Fascinating Facts About Pablo Escobar","24675","","","","Use for videos to be published.  One video and one thumbnail per ticket."
"VIDEO-12316","Nine Wild Facts About Pablo Escobar - Editorial Assets","24672","VIDEO-12319","8 Fascinating Facts About Pablo Escobar","24675","Editorial Assets"
"VIDEO-6534","Nine Wild Facts About Pablo Escobar","17758","VIDEO-12319","8 Fascinating Facts About Pablo Escobar","24675","Editorial Assets"
"VIDEO-12311","A Brief History of the 1940s","24667","","","","Use for videos to be published.  One video and one thumbnail per ticket."
"VIDEO-12312","Brief History of the 1940s Editorial Assets","24668","VIDEO-12311","A Brief History of the 1940s","24667","Editorial Assets"
"VIDEO-12309","9 Fascinating Dinosaur Facts","24665","","","","Use for videos to be published.  One video and one thumbnail per ticket."
"VIDEO-12310","9 Surprising Dinosaur Facts - Editorial Assets","24666","VIDEO-12309","9 Fascinating Dinosaur Facts","24665","Editorial Assets"
"VIDEO-12306","Turn a Piña Colada Into an Ice Cream Sandwich","24662","","","","Use for videos to be published.  One video and one thumbnail per ticket."
"VIDEO-12307","Pina Colada Ice Cream Sandwich - Editorial Assets","24663","VIDEO-12306","Turn a Piña Colada Into an Ice Cream Sandwich","24662","Editorial Assets"
"VIDEO-12300","Grilled Halloumi and Watermelon Sandwich","24650","","","","Use for videos to be published.  One video and one thumbnail per ticket."
"VIDEO-12301","Grilled Halloumi Editorial Assets","24651","VIDEO-12300","Grilled Halloumi and Watermelon Sandwich","24650","Editorial Assets"
"VIDEO-12302","Grilled Halloumi Social Assets","24653","VIDEO-12300","Grilled Halloumi and Watermelon Sandwich","24650","Editorial Assets"
"VIDEO-12298","The Bed That Gets Your Dog Out Of Yours","24648","","","","Use for videos to be published.  One video and one thumbnail per ticket."
"VIDEO-12299","MollyMutt Dog Beds Editorial Assets","24649","VIDEO-12298","The Bed That Gets Your Dog Out Of Yours","24648","Editorial Assets"
"VIDEO-12296","This Climate-Controlled Bed Also Makes Itself","24646","","","","Use for videos to be published.  One video and one thumbnail per ticket."
"VIDEO-12297","Smart Duvet Editorial Assets","24647","VIDEO-12296","This Climate-Controlled Bed Also Makes Itself","24646","Editorial Assets"
"VIDEO-12294","The Tool That Tricks Your Dog into Loving Baths","24644","","","","Use for videos to be published.  One video and one thumbnail per ticket."
"VIDEO-12295","Aquapaw Editorial Assets","24645","VIDEO-12294","The Tool That Tricks Your Dog into Loving Baths","24644","Editorial Assets"
"VIDEO-12292","A Brief History of Impeached Presidents","24640","","","","Use for videos to be published.  One video and one thumbnail per ticket."
"VIDEO-12293","Impeachment - All Video Versions and Thumbnails","24641","VIDEO-12292","A Brief History of Impeached Presidents","24640","Editorial Assets"
"VIDEO-12288","The 7 Wonders of the Modern World","24607","","","","Use for videos to be published.  One video and one thumbnail per ticket."
"VIDEO-6564","The Seven Wonders of the Modern World","17808","VIDEO-12288","The 7 Wonders of the Modern World","24607","Editorial Assets"
"VIDEO-12286","10 of the Best Soccer Players in the World","24605","","","","Use for videos to be published.  One video and one thumbnail per ticket."
"VIDEO-17043","Best Soccer Players - Editorial Assets","29528","VIDEO-12286","10 of the Best Soccer Players in the World","24605","Editorial Assets"
"VIDEO-12285","How Much is an Olympic Gold Medal Worth?","24604","","","","Use for videos to be published.  One video and one thumbnail per ticket."
"VIDEO-12304","Olympic Gold Medal Worth Editorial Assets","24660","VIDEO-12285","How Much is an Olympic Gold Medal Worth?","24604","Editorial Assets"
"VIDEO-12284","Why is Water So Crucial to Body Function?","24603","","","","Use for videos to be published.  One video and one thumbnail per ticket."
"VIDEO-6547","How Much of Your Body is Water","17771","VIDEO-12284","Why is Water So Crucial to Body Function?","24603","Editorial Assets"
"VIDEO-12283","Wasps Do Surprisingly Cool Things","24601","","","","Use for videos to be published.  One video and one thumbnail per ticket."
"VIDEO-6563","Wine and Wasps","17807","VIDEO-12283","Wasps Do Surprisingly Cool Things","24601","Editorial Assets"
"VIDEO-12282","10 Easy Ways to Help Save the Environment","24600","","","","Use for videos to be published.  One video and one thumbnail per ticket."
"VIDEO-12303","Save the Environment Editorial Assets","24659","VIDEO-12282","10 Easy Ways to Help Save the Environment","24600","Editorial Assets"
"VIDEO-12280","What are the Biggest Continents By Area and Population?","24598","","","","Use for videos to be published.  One video and one thumbnail per ticket."
"VIDEO-17046","Biggest Continents - Editorial Assets","29531","VIDEO-12280","What are the Biggest Continents By Area and Population?","24598","Editorial Assets"
"VIDEO-12277","What's the Difference Between Homogeneous and Heterogeneous?","24595","","","","Use for videos to be published.  One video and one thumbnail per ticket."
"VIDEO-12305","Homogenous and Heterogenous Editorial Assets","24661","VIDEO-12277","What's the Difference Between Homogeneous and Heterogeneous?","24595","Editorial Assets"
"VIDEO-12276","20 Facts About Hinduism","24594","","","","Use for videos to be published.  One video and one thumbnail per ticket."
"VIDEO-31795","20 Facts About Hinduism - Editorial Assets","55198","VIDEO-12276","20 Facts About Hinduism","24594","Editorial Assets"
"VIDEO-12275","What are the Differences Between Acids and Bases?","24593","","","","Use for videos to be published.  One video and one thumbnail per ticket."
"VIDEO-17044","Acids and Bases New - Editorial Assets","29529","VIDEO-12275","What are the Differences Between Acids and Bases?","24593","Editorial Assets"
"VIDEO-12274","A Brief History of the 1970s","24592","","","","Use for videos to be published.  One video and one thumbnail per ticket."
"VIDEO-31792","A Brief History of the 1970s - Editorial Assets","55195","VIDEO-12274","A Brief History of the 1970s","24592","Editorial Assets"
"VIDEO-12273","Where Fruit Flies Come From (and How to Get Rid of Them)","24591","","","","Use for videos to be published.  One video and one thumbnail per ticket."
"VIDEO-6542","Where Do Fruit Flies Come From","17766","VIDEO-12273","Where Fruit Flies Come From (and How to Get Rid of Them)","24591","Editorial Assets"
"VIDEO-12270","Mini Mac Burgers Recipe That Will Rule Your Party","24579","","","","Use for videos to be published.  One video and one thumbnail per ticket."
"VIDEO-12271","Mini Macs Editorial Assets","24580","VIDEO-12270","Mini Mac Burgers Recipe That Will Rule Your Party","24579","Editorial Assets"
"VIDEO-12267","Southern BBQ Pulled Pork Tacos with Cornbread Shells","24576","","","","Use for videos to be published.  One video and one thumbnail per ticket."
"VIDEO-12268","Pulled Pork Cornbread Taco New Editorial Assets","24577","VIDEO-12267","Southern BBQ Pulled Pork Tacos with Cornbread Shells","24576","Editorial Assets"
"VIDEO-12264","Tostone Steak Sandwich Recipe","24573","","","","Use for videos to be published.  One video and one thumbnail per ticket."
"VIDEO-12265","Plantain and Steak Tostones Editorial Assets","24574","VIDEO-12264","Tostone Steak Sandwich Recipe","24573","Editorial Assets"
"VIDEO-12266","Plantain and Steak Tostones Social Assets","24575","VIDEO-12264","Tostone Steak Sandwich Recipe","24573","Editorial Assets"
"VIDEO-12261","Delicious Bacon Cheeseburger Bombs","24570","","","","Use for videos to be published.  One video and one thumbnail per ticket."
"VIDEO-12262","Bacon Cheeseburger Bombs Editorial Assets","24571","VIDEO-12261","Delicious Bacon Cheeseburger Bombs","24570","Editorial Assets"
"VIDEO-12258","Bacon-Weaved Cheeseburger in French Fry Waffle Bun Recipe","24567","","","","Use for videos to be published.  One video and one thumbnail per ticket."
"VIDEO-12259","Bacon Weaved Cheeseburger on a French Fry Bun Editorial Assets","24568","VIDEO-12258","Bacon-Weaved Cheeseburger in French Fry Waffle Bun Recipe","24567","Editorial Assets"
"VIDEO-12255","Incredible Cinnamon Bun Bacon Breakfast Sandwich","24564","","","","Use for videos to be published.  One video and one thumbnail per ticket."
"VIDEO-12256","Ultimate Cinnamon Bun Breakfast Sandwich Editorial Assets","24565","VIDEO-12255","Incredible Cinnamon Bun Bacon Breakfast Sandwich","24564","Editorial Assets"
"VIDEO-12252","Bacon-Wrapped Hot Dog Recipe Covered in Cheesy Waffle Fries","24561","","","","Use for videos to be published.  One video and one thumbnail per ticket."
"VIDEO-12253","Bacon Wrapped Loaded Hot Dogs Editorial Assets","24562","VIDEO-12252","Bacon-Wrapped Hot Dog Recipe Covered in Cheesy Waffle Fries","24561","Editorial Assets"
"VIDEO-12249","Mac and Cheese Stuffed Burger Dog Recipe","24558","","","","Use for videos to be published.  One video and one thumbnail per ticket."
"VIDEO-12250","Stuffed Burger Dog Editorial Assets","24559","VIDEO-12249","Mac and Cheese Stuffed Burger Dog Recipe","24558","Editorial Assets"
"VIDEO-12246","Try This Oreo Cheesecake Melt with Nutella and Jam","24555","","","","Use for videos to be published.  One video and one thumbnail per ticket."
"VIDEO-12247","Oreo Cheesecake Melt Editorial Assets","24556","VIDEO-12246","Try This Oreo Cheesecake Melt with Nutella and Jam","24555","Editorial Assets"
"VIDEO-12243","Cereal Ice Cream Sandwiches are The Perfect Summer Treat","24552","","","","Use for videos to be published.  One video and one thumbnail per ticket."
"VIDEO-12244","Cereal Ice Cream Sandwich Editorial Assets","24553","VIDEO-12243","Cereal Ice Cream Sandwiches are The Perfect Summer Treat","24552","Editorial Assets"
"VIDEO-12240","This Bacon Sausage Sandwich Has Hash Browns for Buns","24549","","","","Use for videos to be published.  One video and one thumbnail per ticket."
"VIDEO-12241","Hash Brown Bun Breakfast Sandwich Editorial Assets","24550","VIDEO-12240","This Bacon Sausage Sandwich Has Hash Browns for Buns","24549","Editorial Assets"
"VIDEO-12237","Skip the Takeout with a General Tso’s Fried Chicken Sandwich","24546","","","","Use for videos to be published.  One video and one thumbnail per ticket."
"VIDEO-12238","General Tso Fried Chicken Sandwich Editorial Assets","24547","VIDEO-12237","Skip the Takeout with a General Tso’s Fried Chicken Sandwich","24546","Editorial Assets"
"VIDEO-12234","The Fried Chicken Donut Sandwich Is Your New Brunch","24543","","","","Use for videos to be published.  One video and one thumbnail per ticket."
"VIDEO-12235","Fried Chicken Donut Sandwich Editorial Assets","24544","VIDEO-12234","The Fried Chicken Donut Sandwich Is Your New Brunch","24543","Editorial Assets"
"VIDEO-12231","This Garlic Bread is Stuffed with Lasagna","24540","","","","Use for videos to be published.  One video and one thumbnail per ticket."
"VIDEO-12232","Lasagna Stuffed Garlic Bread Editorial Assets","24541","VIDEO-12231","This Garlic Bread is Stuffed with Lasagna","24540","Editorial Assets"
"VIDEO-12228","Turn Vietnamese Pho into a Burrito with this Easy Recipe","24537","","","","Use for videos to be published.  One video and one thumbnail per ticket."
"VIDEO-12229","Pho Burrito Editorial Assets","24538","VIDEO-12228","Turn Vietnamese Pho into a Burrito with this Easy Recipe","24537","Editorial Assets"
"VIDEO-12230","Pho Burrito Social Assets","24539","VIDEO-12228","Turn Vietnamese Pho into a Burrito with this Easy Recipe","24537","Editorial Assets"
"VIDEO-12220","Make 4 Sandwiches in One with Stuffed Italian Sourdough Loaf","24529","","","","Use for videos to be published.  One video and one thumbnail per ticket."
"VIDEO-12222","Picnic Sandwich Editorial Assets","24531","VIDEO-12220","Make 4 Sandwiches in One with Stuffed Italian Sourdough Loaf","24529","Editorial Assets"
"VIDEO-12218","If Your Cat Could Text, They Would Say This","24523","","","","Use for videos to be published.  One video and one thumbnail per ticket."
"VIDEO-6461","If Cats Could Type–Texts from Your Cat - Editorial Assets","17675","VIDEO-12218","If Your Cat Could Text, They Would Say This","24523","Editorial Assets"
"VIDEO-12215","Mini Pie Ice Cream Sandwiches are the Perfect Summer Treat","24520","","","","Use for videos to be published.  One video and one thumbnail per ticket."
"VIDEO-12216","Mini Pie Ice Cream Sandwiches Social Assets","24521","VIDEO-12215","Mini Pie Ice Cream Sandwiches are the Perfect Summer Treat","24520","Editorial Assets"
"VIDEO-12217","Mini Pie Ice Cream Sandwiches Editorial Assets","24522","VIDEO-12215","Mini Pie Ice Cream Sandwiches are the Perfect Summer Treat","24520","Editorial Assets"
"VIDEO-12209","Pulled Pork Cornbread Taco","24500","","","",""
"VIDEO-12210","Pulled Pork Cornbread Taco Social cuts","24501","VIDEO-12209","Pulled Pork Cornbread Taco","24500","Editorial Assets"
"VIDEO-12211","Pulled Pork Cornbread Taco editorial cuts","24502","VIDEO-12209","Pulled Pork Cornbread Taco","24500","Editorial Assets"
"VIDEO-11308","1960's Timeline","23494","","","",""
"VIDEO-11309","1960's Timeline","23495","VIDEO-11308","1960's Timeline","23494","Editorial Assets"
"VIDEO-11306","1930's Timeline","23492","","","",""
"VIDEO-11307","1930's Timeline","23493","VIDEO-11306","1930's Timeline","23492","Editorial Assets"
"VIDEO-1106","All About Dumplings","12268","","","",""
"VIDEO-1107","How to Make Wonton Filling","12269","VIDEO-1106","All About Dumplings","12268","Editorial Assets"
"VIDEO-1108","How to Make Dumpling Filling","12270","VIDEO-1106","All About Dumplings","12268","Editorial Assets"
"VIDEO-1109","How to Make Dumpling Dough","12271","VIDEO-1106","All About Dumplings","12268","Editorial Assets"
"VIDEO-1110","How to Make Dumpling Dipping Sauce","12272","VIDEO-1106","All About Dumplings","12268","Editorial Assets"
"VIDEO-1111","How to Fold a Dumpling","12273","VIDEO-1106","All About Dumplings","12268","Editorial Assets"
"VIDEO-1112","How to Make Mandu Filling","12274","VIDEO-1106","All About Dumplings","12268","Editorial Assets"
"VIDEO-1113","How to Fold a Wonton","12275","VIDEO-1106","All About Dumplings","12268","Editorial Assets"
"VIDEO-1114","How to Make Traditional Potsticker Dumplings","12276","VIDEO-1106","All About Dumplings","12268","Editorial Assets"
"VIDEO-1115","How to Make Yaki Gyoza","12277","VIDEO-1106","All About Dumplings","12268","Editorial Assets"
"VIDEO-1116","How to Make Sichuan  Dumplings","12278","VIDEO-1106","All About Dumplings","12268","Editorial Assets"
"VIDEO-1117","How to Make Sweet and Sour Sauce","12279","VIDEO-1106","All About Dumplings","12268","Editorial Assets"
"VIDEO-1118","How to Make Dragon Dumplings","12280","VIDEO-1106","All About Dumplings","12268","Editorial Assets"
"VIDEO-1119","What are 7 Ways to Fold a Dumpling","12281","VIDEO-1106","All About Dumplings","12268","Editorial Assets"
"VIDEO-1120","How to Make Siu Mai","12282","VIDEO-1106","All About Dumplings","12268","Editorial Assets"
"VIDEO-1121","How to Make Soup Dumplings","12283","VIDEO-1106","All About Dumplings","12268","Editorial Assets"
"VIDEO-1122","How to Make Mandu (korean dumpling)","12284","VIDEO-1106","All About Dumplings","12268","Editorial Assets"
"VIDEO-1123","How to Deep Fry Dumplings","12285","VIDEO-1106","All About Dumplings","12268","Editorial Assets"
"VIDEO-1124","How to Boil Dumplings","12286","VIDEO-1106","All About Dumplings","12268","Editorial Assets"
"VIDEO-1125","How to Pan Fry a Dumpling","12287","VIDEO-1106","All About Dumplings","12268","Editorial Assets"
"VIDEO-1126","How to Steam a Dumpling","12288","VIDEO-1106","All About Dumplings","12268","Editorial Assets"
"VIDEO-1127","How to Make a Dessert Spring Roll","12289","VIDEO-1106","All About Dumplings","12268","Editorial Assets"
"VIDEO-1130","How to Make Gyoza Filling","12292","VIDEO-1106","All About Dumplings","12268","Editorial Assets"
"VIDEO-1131","How to Make Banh Bot Loc","12293","VIDEO-1106","All About Dumplings","12268","Editorial Assets"
"VIDEO-1132","How to Make Shrimp Dumpling","12294","VIDEO-1106","All About Dumplings","12268","Editorial Assets"
"VIDEO-1133","How to Make Vegetable Dumplings","12295","VIDEO-1106","All About Dumplings","12268","Editorial Assets"
"VIDEO-1134","How to make a Steamer for Dumplings","12296","VIDEO-1106","All About Dumplings","12268","Editorial Assets"
"VIDEO-1135","How to make a dessert dumpling","12297","VIDEO-1106","All About Dumplings","12268","Editorial Assets"
"VIDEO-1136","How to Make Crab Rangoon","12298","VIDEO-1106","All About Dumplings","12268","Editorial Assets"
"VIDEO-1137","About Me","12299","VIDEO-1106","All About Dumplings","12268","Editorial Assets"
"VIDEO-1455","Cam A Reel 1","12643","VIDEO-1106","All About Dumplings","12268","Editorial Assets"
"VIDEO-1456","Cam B Reel 1","12644","VIDEO-1106","All About Dumplings","12268","Editorial Assets"
"VIDEO-1457","Cam C Reel 1","12645","VIDEO-1106","All About Dumplings","12268","Editorial Assets"
"VIDEO-1878","What Are Four Ways to Fold a Wonton","13066","VIDEO-1106","All About Dumplings","12268","Editorial Assets"
"VIDEO-1076","Sex Education","12238","","","",""
"VIDEO-1718","What Are the Types of Birth Control?","12906","VIDEO-1076","Sex Education","12238","Editorial Assets"
"VIDEO-1719","How Do Condoms Prevent Pregnancy?","12907","VIDEO-1076","Sex Education","12238","Editorial Assets"
"VIDEO-1720","How Do Birth Control Pills Work?","12908","VIDEO-1076","Sex Education","12238","Editorial Assets"
"VIDEO-1721","What Should You Do if a Condom Breaks?","12909","VIDEO-1076","Sex Education","12238","Editorial Assets"
"VIDEO-1722","What Does the Morning After Pill Do?","12910","VIDEO-1076","Sex Education","12238","Editorial Assets"
"VIDEO-1723","What Are the Side Effects of the Morning After Pill?","12911","VIDEO-1076","Sex Education","12238","Editorial Assets"
"VIDEO-1724","What Are the Side Effects of Birth Control?","12912","VIDEO-1076","Sex Education","12238","Editorial Assets"
"VIDEO-1725","How to Know if You're Allergic to Condoms","12913","VIDEO-1076","Sex Education","12238","Editorial Assets"
"VIDEO-1726","What's the NuvaRing?","12914","VIDEO-1076","Sex Education","12238","Editorial Assets"
"VIDEO-1727","What Are STDs? | Sex Education","12915","VIDEO-1076","Sex Education","12238","Editorial Assets"
"VIDEO-1729","What is Chlamydia?","12917","VIDEO-1076","Sex Education","12238","Editorial Assets"
"VIDEO-1730","What is Gonorrhea?","12918","VIDEO-1076","Sex Education","12238","Editorial Assets"
"VIDEO-1731","What is Syphilis?","12919","VIDEO-1076","Sex Education","12238","Editorial Assets"
"VIDEO-1732","What to Do If You Think You May be Pregnant","12920","VIDEO-1076","Sex Education","12238","Editorial Assets"
"VIDEO-1733","What is HPV?","12921","VIDEO-1076","Sex Education","12238","Editorial Assets"
"VIDEO-1734","What Type of Condom is Best?","12922","VIDEO-1076","Sex Education","12238","Editorial Assets"
"VIDEO-1736","What is HIV?","12924","VIDEO-1076","Sex Education","12238","Editorial Assets"
"VIDEO-1738","What Happens During an Abortion?","12926","VIDEO-1076","Sex Education","12238","Editorial Assets"
"VIDEO-1739","What's an STI?","12927","VIDEO-1076","Sex Education","12238","Editorial Assets"
"VIDEO-1740","Who Can Get STDs?","12928","VIDEO-1076","Sex Education","12238","Editorial Assets"
"VIDEO-1741","Alternatives to Condoms | Sex Education","12929","VIDEO-1076","Sex Education","12238","Editorial Assets"
"VIDEO-1742","Is the ""Pull Out"" Method Effective? | Sex Education","12930","VIDEO-1076","Sex Education","12238","Editorial Assets"
"VIDEO-1743","When Are You Most Likely to Get Pregnant | Sex Education","12931","VIDEO-1076","Sex Education","12238","Editorial Assets"
"VIDEO-1744","What are Contraceptives ?","12932","VIDEO-1076","Sex Education","12238","Editorial Assets"
"VIDEO-1745","What are LARCs (Long Acting Reversible Contraseptives)","12933","VIDEO-1076","Sex Education","12238","Editorial Assets"
"VIDEO-1746","Sex Safe for the LGBT Community","12934","VIDEO-1076","Sex Education","12238","Editorial Assets"
"VIDEO-1747","Dr. Jill Rabin | About Me","12935","VIDEO-1076","Sex Education","12238","Editorial Assets"
"VIDEO-1876","Cam A, Reel 1","13064","VIDEO-1076","Sex Education","12238","Editorial Assets"
"VIDEO-1877","Cam B, Reel 1","13065","VIDEO-1076","Sex Education","12238","Editorial Assets"
"VIDEO-1075","Lowering Cholesterol","12237","","","",""
"VIDEO-2213","What to Eat if you are Taking Cholesterol Medication","13401","VIDEO-1075","Lowering Cholesterol","12237","Editorial Assets"
"VIDEO-2214","Are Foods Labeled No or Low Cholesterol ""Heart Healthy""","13402","VIDEO-1075","Lowering Cholesterol","12237","Editorial Assets"
"VIDEO-2215","Do Women Need to Worry About High Cholesterol","13403","VIDEO-1075","Lowering Cholesterol","12237","Editorial Assets"
"VIDEO-2216","Can I Have High Cholesterol if I am Thin?","13404","VIDEO-1075","Lowering Cholesterol","12237","Editorial Assets"
"VIDEO-2217","What are the Main Side Effects of Cholesterol Lowering Drugs?","13405","VIDEO-1075","Lowering Cholesterol","12237","Editorial Assets"
"VIDEO-2218","When and how often should I get my cholesterol checked?","13406","VIDEO-1075","Lowering Cholesterol","12237","Editorial Assets"
"VIDEO-2219","What are the different cholesterol numbers I should know (TC, LDL, HDL, TG)?","13407","VIDEO-1075","Lowering Cholesterol","12237","Editorial Assets"
"VIDEO-2220","What is the ""Bad cholesterol"" ie: LDL?","13408","VIDEO-1075","Lowering Cholesterol","12237","Editorial Assets"
"VIDEO-2221","What is the ""good cholesterol"" ie: HDL?","13409","VIDEO-1075","Lowering Cholesterol","12237","Editorial Assets"
"VIDEO-2222","What are Triglycerides?","13410","VIDEO-1075","Lowering Cholesterol","12237","Editorial Assets"
"VIDEO-2223","What are ""good"" cholesterol targets or numbers to have or aim for?","13411","VIDEO-1075","Lowering Cholesterol","12237","Editorial Assets"
"VIDEO-2224","What are the Symptoms of High Cholesterol?","13412","VIDEO-1075","Lowering Cholesterol","12237","Editorial Assets"
"VIDEO-2225","What are the Complications of Cholesterol in terms of stroke and coronary heart disease?","13413","VIDEO-1075","Lowering Cholesterol","12237","Editorial Assets"
"VIDEO-2226","What is the link between cholesterol and diabetes?","13414","VIDEO-1075","Lowering Cholesterol","12237","Editorial Assets"
"VIDEO-2227","What is the link between cholesterol and high blood pressure?","13415","VIDEO-1075","Lowering Cholesterol","12237","Editorial Assets"
"VIDEO-2228","What Causes High Cholesterol?","13416","VIDEO-1075","Lowering Cholesterol","12237","Editorial Assets"
"VIDEO-2229","What is the link between family history and high cholesterol?","13417","VIDEO-1075","Lowering Cholesterol","12237","Editorial Assets"
"VIDEO-2230","Is There Medicine for High Cholesterol?","13418","VIDEO-1075","Lowering Cholesterol","12237","Editorial Assets"
"VIDEO-2231","Can Exercise Help Lower Cholesterol?","13419","VIDEO-1075","Lowering Cholesterol","12237","Editorial Assets"
"VIDEO-2232","Can Supplements Help Cholesterol?","13420","VIDEO-1075","Lowering Cholesterol","12237","Editorial Assets"
"VIDEO-2233","What Should You Eat to Lower Cholesterol (fish, oats, nuts)?","13421","VIDEO-1075","Lowering Cholesterol","12237","Editorial Assets"
"VIDEO-2234","Tips for Eating at Restuarants When You Have High Cholesterol","13422","VIDEO-1075","Lowering Cholesterol","12237","Editorial Assets"
"VIDEO-2235","Understanding your High Cholesterol Diagnosis","13423","VIDEO-1075","Lowering Cholesterol","12237","Editorial Assets"
"VIDEO-2236","About Me","13424","VIDEO-1075","Lowering Cholesterol","12237","Editorial Assets"
"VIDEO-2237","What is a Statin?","13425","VIDEO-1075","Lowering Cholesterol","12237","Editorial Assets"
"VIDEO-2238","Statin Side Effects","13426","VIDEO-1075","Lowering Cholesterol","12237","Editorial Assets"
"VIDEO-2239","Tips for Preparing for Cholesterol Testing","13427","VIDEO-1075","Lowering Cholesterol","12237","Editorial Assets"
"VIDEO-2240","What to Know About Home Cholesterol Testing Kits","13428","VIDEO-1075","Lowering Cholesterol","12237","Editorial Assets"
"VIDEO-2241","Should You Eat Before a Cholesterol Test?","13429","VIDEO-1075","Lowering Cholesterol","12237","Editorial Assets"
"VIDEO-2301","GH4, Reel 1","13489","VIDEO-1075","Lowering Cholesterol","12237","Editorial Assets"
"VIDEO-1073","Body Boot Camp","12235","","","",""
"VIDEO-2252","5 Upper Body Exercises","13440","VIDEO-1073","Body Boot Camp","12235","Editorial Assets"
"VIDEO-2253","How to Use a Jump Rope | Body Boot Camp","13441","VIDEO-1073","Body Boot Camp","12235","Editorial Assets"
"VIDEO-2255","How to Cool Down | Body Boot Camp","13443","VIDEO-1073","Body Boot Camp","12235","Editorial Assets"
"VIDEO-2256","Do You Already Need to Be Fit to Do Body Boot Camp?","13444","VIDEO-1073","Body Boot Camp","12235","Editorial Assets"
"VIDEO-2258","Benefits of Cardio Training | Body Boot Camp","13446","VIDEO-1073","Body Boot Camp","12235","Editorial Assets"
"VIDEO-2260","Boot Camp Workout vs. Other Workouts","13448","VIDEO-1073","Body Boot Camp","12235","Editorial Assets"
"VIDEO-2261","What Is Interval Training?","13449","VIDEO-1073","Body Boot Camp","12235","Editorial Assets"
"VIDEO-2263","5 Fat Burning Tips","13451","VIDEO-1073","Body Boot Camp","12235","Editorial Assets"
"VIDEO-2264","Plan for a 30-Minute Workout Routine","13452","VIDEO-1073","Body Boot Camp","12235","Editorial Assets"
"VIDEO-2265","Plan for a 60-Minute Workout Routine","13453","VIDEO-1073","Body Boot Camp","12235","Editorial Assets"
"VIDEO-2266","How to Do a Core & Lower Stomach Exercises","13454","VIDEO-1073","Body Boot Camp","12235","Editorial Assets"
"VIDEO-2268","5 Leg & Hip Exercises","13456","VIDEO-1073","Body Boot Camp","12235","Editorial Assets"
"VIDEO-2269","How to Do Butt Exercises | Body Boot Camp","13457","VIDEO-1073","Body Boot Camp","12235","Editorial Assets"
"VIDEO-2270","How to Do Waist & Stomach Exercises","13458","VIDEO-1073","Body Boot Camp","12235","Editorial Assets"
"VIDEO-2272","How to Do Warm-Up Exercises","13460","VIDEO-1073","Body Boot Camp","12235","Editorial Assets"
"VIDEO-2273","How to Do a Squat | Body Boot Camp","13461","VIDEO-1073","Body Boot Camp","12235","Editorial Assets"
"VIDEO-2275","How to Do a Chair Squat & Single Leg Squat","13463","VIDEO-1073","Body Boot Camp","12235","Editorial Assets"
"VIDEO-2276","How to Do a Push-Up | Body Boot Camp","13464","VIDEO-1073","Body Boot Camp","12235","Editorial Assets"
"VIDEO-2278","How to Do a Modified Push-Up | Body Boot Camp","13466","VIDEO-1073","Body Boot Camp","12235","Editorial Assets"
"VIDEO-2281","How to Do a Close Grip Push-Up | Body Boot Camp","13469","VIDEO-1073","Body Boot Camp","12235","Editorial Assets"
"VIDEO-2282","How to Do a Dead Lift | Body Boot Camp","13470","VIDEO-1073","Body Boot Camp","12235","Editorial Assets"
"VIDEO-2283","Should I Do a Lower Back Workout?","13471","VIDEO-1073","Body Boot Camp","12235","Editorial Assets"
"VIDEO-2284","How to Do a Walking Lunge","13472","VIDEO-1073","Body Boot Camp","12235","Editorial Assets"
"VIDEO-2287","How to Do a Mountain Climber","13475","VIDEO-1073","Body Boot Camp","12235","Editorial Assets"
"VIDEO-2288","How to Do a Box Jump | Body Boot Camp","13476","VIDEO-1073","Body Boot Camp","12235","Editorial Assets"
"VIDEO-2289","How to Do a Squat Jump | Body Boot Camp","13477","VIDEO-1073","Body Boot Camp","12235","Editorial Assets"
"VIDEO-2291","How to Do a Tricep Dip | Body Boot Camp","13479","VIDEO-1073","Body Boot Camp","12235","Editorial Assets"
"VIDEO-2292","Tips For Doing Agility Drills","13480","VIDEO-1073","Body Boot Camp","12235","Editorial Assets"
"VIDEO-2293","How to Do Oblique Exercises | Body Boot Camp","13481","VIDEO-1073","Body Boot Camp","12235","Editorial Assets"
"VIDEO-2294","Camera A Reel 1","13482","VIDEO-1073","Body Boot Camp","12235","Editorial Assets"
"VIDEO-2295","Camera B Reel 1","13483","VIDEO-1073","Body Boot Camp","12235","Editorial Assets"
"VIDEO-2296","Camera C Reel 1","13484","VIDEO-1073","Body Boot Camp","12235","Editorial Assets"
"VIDEO-3076","About Me","14264","VIDEO-1073","Body Boot Camp","12235","Editorial Assets"
"VIDEO-3077","How to Do a Chair Squat","14265","VIDEO-1073","Body Boot Camp","12235","Editorial Assets"
"VIDEO-1072","Properly Apply Makeup","12234","","","",""
"VIDEO-1931","How to Apply Your Own Mascara","13119","VIDEO-1072","Properly Apply Makeup","12234","Editorial Assets"
"VIDEO-1932","How to Apply Your Own Eyeliner","13120","VIDEO-1072","Properly Apply Makeup","12234","Editorial Assets"
"VIDEO-1933","How to Apply Your Own Liquid Eyeliner","13121","VIDEO-1072","Properly Apply Makeup","12234","Editorial Assets"
"VIDEO-1934","How to Apply Your Own Eyeshadow","13122","VIDEO-1072","Properly Apply Makeup","12234","Editorial Assets"
"VIDEO-1935","How to Apply Your Own Lip Liner","13123","VIDEO-1072","Properly Apply Makeup","12234","Editorial Assets"
"VIDEO-1936","How to Apply Your Own Lipstick","13124","VIDEO-1072","Properly Apply Makeup","12234","Editorial Assets"
"VIDEO-1938","How to Apply Your Own Foundation","13126","VIDEO-1072","Properly Apply Makeup","12234","Editorial Assets"
"VIDEO-1939","How to Apply Your Own Concealer","13127","VIDEO-1072","Properly Apply Makeup","12234","Editorial Assets"
"VIDEO-1940","How to Apply Your Own Fake Eyelashes","13128","VIDEO-1072","Properly Apply Makeup","12234","Editorial Assets"
"VIDEO-1941","Difference Between a BB and CC Cream","13129","VIDEO-1072","Properly Apply Makeup","12234","Editorial Assets"
"VIDEO-1943","How to Apply Your Own Face Primer","13131","VIDEO-1072","Properly Apply Makeup","12234","Editorial Assets"
"VIDEO-1944","How to Apply Your Own Blush","13132","VIDEO-1072","Properly Apply Makeup","12234","Editorial Assets"
"VIDEO-1945","How to Apply Your Own Bronzer","13133","VIDEO-1072","Properly Apply Makeup","12234","Editorial Assets"
"VIDEO-1946","How to Apply a Luminizer","13134","VIDEO-1072","Properly Apply Makeup","12234","Editorial Assets"
"VIDEO-1947","How to Use a Blotting Paper","13135","VIDEO-1072","Properly Apply Makeup","12234","Editorial Assets"
"VIDEO-1948","Most Common Face Makeup Brushes","13136","VIDEO-1072","Properly Apply Makeup","12234","Editorial Assets"
"VIDEO-1950","Should You Use a Tinted Moisturizer?","13138","VIDEO-1072","Properly Apply Makeup","12234","Editorial Assets"
"VIDEO-1952","How to Use an Eyelash Curler on Yourself","13140","VIDEO-1072","Properly Apply Makeup","12234","Editorial Assets"
"VIDEO-1953","How to Use Lip Stain","13141","VIDEO-1072","Properly Apply Makeup","12234","Editorial Assets"
"VIDEO-1954","Should You Use Lip Plumper?","13142","VIDEO-1072","Properly Apply Makeup","12234","Editorial Assets"
"VIDEO-1955","How to Apply Your Own Lip Gloss","13143","VIDEO-1072","Properly Apply Makeup","12234","Editorial Assets"
"VIDEO-1956","How to Apply Your Own Eyeshadow Primer or Base","13144","VIDEO-1072","Properly Apply Makeup","12234","Editorial Assets"
"VIDEO-1957","How to Tight Line","13145","VIDEO-1072","Properly Apply Makeup","12234","Editorial Assets"
"VIDEO-1958","How to Apply Winged Liner","13146","VIDEO-1072","Properly Apply Makeup","12234","Editorial Assets"
"VIDEO-1959","How to Layer Lip Liner and Lipstick","13147","VIDEO-1072","Properly Apply Makeup","12234","Editorial Assets"
"VIDEO-1960","Red Lip Dos and Don'ts","13148","VIDEO-1072","Properly Apply Makeup","12234","Editorial Assets"
"VIDEO-1961","What Makeup Techniques are Best Left to the Pros?","13149","VIDEO-1072","Properly Apply Makeup","12234","Editorial Assets"
"VIDEO-1962","How Long do False Eyelashes Last?","13150","VIDEO-1072","Properly Apply Makeup","12234","Editorial Assets"
"VIDEO-1963","What is the Difference Between Individual False Eyelashes and False Eyelash Strips?","13151","VIDEO-1072","Properly Apply Makeup","12234","Editorial Assets"
"VIDEO-1964","Tips for Eyebrows","13152","VIDEO-1072","Properly Apply Makeup","12234","Editorial Assets"
"VIDEO-1965","About Me","13153","VIDEO-1072","Properly Apply Makeup","12234","Editorial Assets"
"VIDEO-1071","Plyometric Basics","12233","","","",""
"VIDEO-3474","How to Do a Box Jump | Plyometric Basics","14662","VIDEO-1071","Plyometric Basics","12233","Editorial Assets"
"VIDEO-3475","How to Do a Double Arm Swing","14663","VIDEO-1071","Plyometric Basics","12233","Editorial Assets"
"VIDEO-3476","How to Do a Squat Hop | Plyometric Basics","14664","VIDEO-1071","Plyometric Basics","12233","Editorial Assets"
"VIDEO-3477","How to Do a Butt Kick | Plyometric Basics","14665","VIDEO-1071","Plyometric Basics","12233","Editorial Assets"
"VIDEO-3478","How to Do Burpee with Lateral Leg Raise","14666","VIDEO-1071","Plyometric Basics","12233","Editorial Assets"
"VIDEO-3479","How to Do a Side Traveling Burpee","14667","VIDEO-1071","Plyometric Basics","12233","Editorial Assets"
"VIDEO-3480","How to Do a Box Burpee | Plyometric Basics","14668","VIDEO-1071","Plyometric Basics","12233","Editorial Assets"
"VIDEO-3482","How to Do a Plank Hop | Plyometric Basics","14670","VIDEO-1071","Plyometric Basics","12233","Editorial Assets"
"VIDEO-3484","How to Do a Plank Tap | Plyometric Basics","14672","VIDEO-1071","Plyometric Basics","12233","Editorial Assets"
"VIDEO-3485","How to Do Bounding Exercises | Plyometric Basics","14673","VIDEO-1071","Plyometric Basics","12233","Editorial Assets"
"VIDEO-3486","How to Do a Bounding Step Hop","14674","VIDEO-1071","Plyometric Basics","12233","Editorial Assets"
"VIDEO-3488","Top 3 Ab Exercises Using Slider","14676","VIDEO-1071","Plyometric Basics","12233","Editorial Assets"
"VIDEO-3489","3 Exercises to Improve Vertical Jump","14677","VIDEO-1071","Plyometric Basics","12233","Editorial Assets"
"VIDEO-3490","Top 2 Plyometric Exercises for Men","14678","VIDEO-1071","Plyometric Basics","12233","Editorial Assets"
"VIDEO-3491","3 Upper Body Plyometrics for Women","14679","VIDEO-1071","Plyometric Basics","12233","Editorial Assets"
"VIDEO-3492","What are Top 3 Plyometric Exercises for Legs","14680","VIDEO-1071","Plyometric Basics","12233","Editorial Assets"
"VIDEO-3494","How to Do a Hurdle Hop | Plyometric Basics","14682","VIDEO-1071","Plyometric Basics","12233","Editorial Assets"
"VIDEO-3495","How to Do a Run Stance Squat","14683","VIDEO-1071","Plyometric Basics","12233","Editorial Assets"
"VIDEO-3496","How to Do a Walking Lunge | Plyometric Basics","14684","VIDEO-1071","Plyometric Basics","12233","Editorial Assets"
"VIDEO-3497","What Are Plyometrics?","14685","VIDEO-1071","Plyometric Basics","12233","Editorial Assets"
"VIDEO-3501","How to Do Power Skipping | Plyometric Basics","14689","VIDEO-1071","Plyometric Basics","12233","Editorial Assets"
"VIDEO-3502","Best Plyometrics for Power, Speed and Increased Vertical","14690","VIDEO-1071","Plyometric Basics","12233","Editorial Assets"
"VIDEO-3504","What are Hardcore Plyometric Workouts","14692","VIDEO-1071","Plyometric Basics","12233","Editorial Assets"
"VIDEO-3505","How to Do a One Leg Glute Bridge","14693","VIDEO-1071","Plyometric Basics","12233","Editorial Assets"
"VIDEO-3506","How to Do a Triple Squat Jump Burpee","14694","VIDEO-1071","Plyometric Basics","12233","Editorial Assets"
"VIDEO-3507","How to Do Mountain Climbers","14695","VIDEO-1071","Plyometric Basics","12233","Editorial Assets"
"VIDEO-3508","How to Do Leg Lifts | Plyometric Basics","14696","VIDEO-1071","Plyometric Basics","12233","Editorial Assets"
"VIDEO-3510","How to Do a Burpee Curl | Plyometric Basics","14698","VIDEO-1071","Plyometric Basics","12233","Editorial Assets"
"VIDEO-3511","How to Do a Tricep Dip | Plyometric Basics","14699","VIDEO-1071","Plyometric Basics","12233","Editorial Assets"
"VIDEO-3512","How to Do a Split Jump | Plyometric Basics","14700","VIDEO-1071","Plyometric Basics","12233","Editorial Assets"
"VIDEO-3513","About Me","14701","VIDEO-1071","Plyometric Basics","12233","Editorial Assets"
"VIDEO-3580","Camera A Reel 1","14768","VIDEO-1071","Plyometric Basics","12233","Editorial Assets"
"VIDEO-3581","Camera B Reel 1","14769","VIDEO-1071","Plyometric Basics","12233","Editorial Assets"
"VIDEO-3582","Camera C Reel 1","14770","VIDEO-1071","Plyometric Basics","12233","Editorial Assets"
"VIDEO-3583","Camera A Reel 2","14771","VIDEO-1071","Plyometric Basics","12233","Editorial Assets"
"VIDEO-3584","Camera B Reel 2","14772","VIDEO-1071","Plyometric Basics","12233","Editorial Assets"
"VIDEO-3585","Camera C Reel 2","14773","VIDEO-1071","Plyometric Basics","12233","Editorial Assets"
"VIDEO-3613","How to Do a Turkish Get Up","14827","VIDEO-1071","Plyometric Basics","12233","Editorial Assets"
"VIDEO-3810","Top 3 Plyometric Exercises for Abs","15024","VIDEO-1071","Plyometric Basics","12233","Editorial Assets"
"VIDEO-3811","How to Do a Kettlebell Swing Switch","15025","VIDEO-1071","Plyometric Basics","12233","Editorial Assets"
"VIDEO-3813","How to Do a Kettlebell High Pull","15027","VIDEO-1071","Plyometric Basics","12233","Editorial Assets"
"VIDEO-1070","Ab Workout for Women","12232","","","",""
"VIDEO-1277","How to Do a Proper Sit-Up | Women's Ab Workout","12439","VIDEO-1070","Ab Workout for Women","12232","Editorial Assets"
"VIDEO-1278","How to Do Leg Drops | Women's Ab Workout","12440","VIDEO-1070","Ab Workout for Women","12232","Editorial Assets"
"VIDEO-1279","How to Do a Perfect Side Plank","12441","VIDEO-1070","Ab Workout for Women","12232","Editorial Assets"
"VIDEO-1280","How to Do a Side Plank with Hip Lifts","12442","VIDEO-1070","Ab Workout for Women","12232","Editorial Assets"
"VIDEO-1281","How to Do a Single Leg Stretch","12443","VIDEO-1070","Ab Workout for Women","12232","Editorial Assets"
"VIDEO-1282","How to Do a Prone Plank","12444","VIDEO-1070","Ab Workout for Women","12232","Editorial Assets"
"VIDEO-1283","How to Do a Plank with Knee Raises","12445","VIDEO-1070","Ab Workout for Women","12232","Editorial Assets"
"VIDEO-1284","How to Do the Boat Pose | Women's Ab Workout","12446","VIDEO-1070","Ab Workout for Women","12232","Editorial Assets"
"VIDEO-1285","How to Do the Dead Bug Exercise","12447","VIDEO-1070","Ab Workout for Women","12232","Editorial Assets"
"VIDEO-1286","How to Do the Bird Dog Exercise","12448","VIDEO-1070","Ab Workout for Women","12232","Editorial Assets"
"VIDEO-1287","How to Do Bicycle Crunches | Women's Ab Workout","12449","VIDEO-1070","Ab Workout for Women","12232","Editorial Assets"
"VIDEO-1288","How to Do the Cobra | Women's Ab Workout","12450","VIDEO-1070","Ab Workout for Women","12232","Editorial Assets"
"VIDEO-1289","How to Do an Inchworm | Women's Ab Workout","12451","VIDEO-1070","Ab Workout for Women","12232","Editorial Assets"
"VIDEO-1290","How to Do an Inchworm to Side Plank","12452","VIDEO-1070","Ab Workout for Women","12232","Editorial Assets"
"VIDEO-1291","How to Do a 2-Point Plank","12453","VIDEO-1070","Ab Workout for Women","12232","Editorial Assets"
"VIDEO-1292","How to Do Scissor Lifts | Women's Ab Workout","12454","VIDEO-1070","Ab Workout for Women","12232","Editorial Assets"
"VIDEO-1293","How to Do the Glute Bridge March","12455","VIDEO-1070","Ab Workout for Women","12232","Editorial Assets"
"VIDEO-1294","How to Do Progressions for Hollow Rock Exercise","12456","VIDEO-1070","Ab Workout for Women","12232","Editorial Assets"
"VIDEO-1295","How to Do the Pilates 100 | Women's Ab Workout","12457","VIDEO-1070","Ab Workout for Women","12232","Editorial Assets"
"VIDEO-1296","How to Do Kneeling Ab Wheel Rollouts","12458","VIDEO-1070","Ab Workout for Women","12232","Editorial Assets"
"VIDEO-1297","2 Tips for a Flat Stomach in Premenopause","12459","VIDEO-1070","Ab Workout for Women","12232","Editorial Assets"
"VIDEO-1298","What are the Best Core Training Exercise Routines","12460","VIDEO-1070","Ab Workout for Women","12232","Editorial Assets"
"VIDEO-1299","Do I Need at Home Exercise Equipment for Ab Workouts?","12461","VIDEO-1070","Ab Workout for Women","12232","Editorial Assets"
"VIDEO-1300","Tips for Getting More Out of Your Ab Workout","12462","VIDEO-1070","Ab Workout for Women","12232","Editorial Assets"
"VIDEO-1301","The Top Secret to Great Abs","12463","VIDEO-1070","Ab Workout for Women","12232","Editorial Assets"
"VIDEO-1302","How to Do Hip Raises","12464","VIDEO-1070","Ab Workout for Women","12232","Editorial Assets"
"VIDEO-1303","How to Do Leg Circles (Around the World)","12465","VIDEO-1070","Ab Workout for Women","12232","Editorial Assets"
"VIDEO-1304","How to Do Heel Taps","12466","VIDEO-1070","Ab Workout for Women","12232","Editorial Assets"
"VIDEO-1305","How to Do Straight Leg Crisscross","12467","VIDEO-1070","Ab Workout for Women","12232","Editorial Assets"
"VIDEO-1306","About Me","12468","VIDEO-1070","Ab Workout for Women","12232","Editorial Assets"
"VIDEO-1413","A Cam","12601","VIDEO-1070","Ab Workout for Women","12232","Editorial Assets"
"VIDEO-1414","B Cam","12602","VIDEO-1070","Ab Workout for Women","12232","Editorial Assets"
"VIDEO-1415","C Cam","12603","VIDEO-1070","Ab Workout for Women","12232","Editorial Assets"
"VIDEO-1639","How to Do Ball Crunches","12827","VIDEO-1070","Ab Workout for Women","12232","Editorial Assets"
"VIDEO-1640","How to Do a Pike with a Stability Ball","12828","VIDEO-1070","Ab Workout for Women","12232","Editorial Assets"
"VIDEO-1641","How to Do a Plank Roll","12829","VIDEO-1070","Ab Workout for Women","12232","Editorial Assets"
"VIDEO-1642","The Most Common Ab Workout Mistake","12830","VIDEO-1070","Ab Workout for Women","12232","Editorial Assets"
"VIDEO-1643","How to Eat Around Your Ab Workout","12831","VIDEO-1070","Ab Workout for Women","12232","Editorial Assets"
"VIDEO-1644","Keep a Workout Journal","12832","VIDEO-1070","Ab Workout for Women","12232","Editorial Assets"
"VIDEO-1645","The Right Diet for Great Abs","12833","VIDEO-1070","Ab Workout for Women","12232","Editorial Assets"
"VIDEO-1069","Packing for Travel","12231","","","",""
"VIDEO-1462","How to Pack Men's Underwear","12650","VIDEO-1069","Packing for Travel","12231","Editorial Assets"
"VIDEO-1464","How to Pack Bras and Panties","12652","VIDEO-1069","Packing for Travel","12231","Editorial Assets"
"VIDEO-1465","How to Pack Socks","12653","VIDEO-1069","Packing for Travel","12231","Editorial Assets"
"VIDEO-1466","How to Pack Ties, Pocket Squares, and Bow ties","12654","VIDEO-1069","Packing for Travel","12231","Editorial Assets"
"VIDEO-1467","How to Pack Men's Swimsuits","12655","VIDEO-1069","Packing for Travel","12231","Editorial Assets"
"VIDEO-1468","How to Pack Men's Workout Clothes","12656","VIDEO-1069","Packing for Travel","12231","Editorial Assets"
"VIDEO-1469","How to Pack Polo Shirts","12657","VIDEO-1069","Packing for Travel","12231","Editorial Assets"
"VIDEO-1470","How to Pack Pants","12658","VIDEO-1069","Packing for Travel","12231","Editorial Assets"
"VIDEO-1471","How to Pack a Button Down Shirt","12659","VIDEO-1069","Packing for Travel","12231","Editorial Assets"
"VIDEO-1472","How to Pack a Suit Jacket","12660","VIDEO-1069","Packing for Travel","12231","Editorial Assets"
"VIDEO-1473","How to Roll a Suit","12661","VIDEO-1069","Packing for Travel","12231","Editorial Assets"
"VIDEO-1474","How to Pack Women's Tank Tops","12662","VIDEO-1069","Packing for Travel","12231","Editorial Assets"
"VIDEO-1475","How to Pack Women's T-Shirts","12663","VIDEO-1069","Packing for Travel","12231","Editorial Assets"
"VIDEO-1476","How to Pack a Blouse","12664","VIDEO-1069","Packing for Travel","12231","Editorial Assets"
"VIDEO-1477","How to Pack a Skirt","12665","VIDEO-1069","Packing for Travel","12231","Editorial Assets"
"VIDEO-1478","How to Pack a Dress","12666","VIDEO-1069","Packing for Travel","12231","Editorial Assets"
"VIDEO-1479","How to Pack a Women's Blazer","12667","VIDEO-1069","Packing for Travel","12231","Editorial Assets"
"VIDEO-1480","How to Pack Men's Shoes","12668","VIDEO-1069","Packing for Travel","12231","Editorial Assets"
"VIDEO-1481","How to Pack Women's Shoes","12669","VIDEO-1069","Packing for Travel","12231","Editorial Assets"
"VIDEO-1482","How to Pack Liquids in a Carry-On Bag","12670","VIDEO-1069","Packing for Travel","12231","Editorial Assets"
"VIDEO-1483","How to Pack Makeup / Cosmetics","12671","VIDEO-1069","Packing for Travel","12231","Editorial Assets"
"VIDEO-1484","How to Pack Beach Towels","12672","VIDEO-1069","Packing for Travel","12231","Editorial Assets"
"VIDEO-1485","How to Pack Hats","12673","VIDEO-1069","Packing for Travel","12231","Editorial Assets"
"VIDEO-1486","How to Pack a Carry-On","12674","VIDEO-1069","Packing for Travel","12231","Editorial Assets"
"VIDEO-1487","How to Pack a Weekend Bag","12675","VIDEO-1069","Packing for Travel","12231","Editorial Assets"
"VIDEO-1488","How to Pack Chargers","12676","VIDEO-1069","Packing for Travel","12231","Editorial Assets"
"VIDEO-1489","How to Pack a Personal Item","12677","VIDEO-1069","Packing for Travel","12231","Editorial Assets"
"VIDEO-1490","How to Pack Liquids in a Checked Bag","12678","VIDEO-1069","Packing for Travel","12231","Editorial Assets"
"VIDEO-1491","How to Pack Food in a Checked Bag","12679","VIDEO-1069","Packing for Travel","12231","Editorial Assets"
"VIDEO-1492","About Me","12680","VIDEO-1069","Packing for Travel","12231","Editorial Assets"
"VIDEO-1621","A Cam","12809","VIDEO-1069","Packing for Travel","12231","Editorial Assets"
"VIDEO-1622","B CAM","12810","VIDEO-1069","Packing for Travel","12231","Editorial Assets"
"VIDEO-1623","C CAM (TOP DOWN)","12811","VIDEO-1069","Packing for Travel","12231","Editorial Assets"
"VIDEO-1853","How to Pack a Woman's Suimsuit","13041","VIDEO-1069","Packing for Travel","12231","Editorial Assets"
"VIDEO-1068","Travel in Your 20's","12230","","","",""
"VIDEO-2755","How to Travel Alone  | Travel in Your 20's","13943","VIDEO-1068","Travel in Your 20's","12230","Editorial Assets"
"VIDEO-2757","Can You Withdraw Cash When You're Abroad?","13945","VIDEO-1068","Travel in Your 20's","12230","Editorial Assets"
"VIDEO-2758","Don't Fall for These Tricks When Traveling Abroad","13946","VIDEO-1068","Travel in Your 20's","12230","Editorial Assets"
"VIDEO-2759","How to Not Look like a Tourist","13947","VIDEO-1068","Travel in Your 20's","12230","Editorial Assets"
"VIDEO-2760","How Not to Get Mugged","13948","VIDEO-1068","Travel in Your 20's","12230","Editorial Assets"
"VIDEO-2761","How Much Cash Should You Carry When Exploring a City?","13949","VIDEO-1068","Travel in Your 20's","12230","Editorial Assets"
"VIDEO-2763","How to Get a Visa","13951","VIDEO-1068","Travel in Your 20's","12230","Editorial Assets"
"VIDEO-2764","How to Know if You Need a Visa for Your International Travel","13952","VIDEO-1068","Travel in Your 20's","12230","Editorial Assets"
"VIDEO-2765","Do You Need Shots to Travel Outside the US?","13953","VIDEO-1068","Travel in Your 20's","12230","Editorial Assets"
"VIDEO-2766","Tips on How to Find Hostels  | Travel in Your 20's","13954","VIDEO-1068","Travel in Your 20's","12230","Editorial Assets"
"VIDEO-2767","How to Plan for Your Trip | Travel in Your 20's","13955","VIDEO-1068","Travel in Your 20's","12230","Editorial Assets"
"VIDEO-2768","How to Hunt for Cheap Tickets/Deals","13956","VIDEO-1068","Travel in Your 20's","12230","Editorial Assets"
"VIDEO-2769","How to Avoid Passport Robbers","13957","VIDEO-1068","Travel in Your 20's","12230","Editorial Assets"
"VIDEO-2770","How to Keep Your Passport Safe in a Hotel Room","13958","VIDEO-1068","Travel in Your 20's","12230","Editorial Assets"
"VIDEO-2771","What are Some Ways You Can Connect with Family Internationally?","13959","VIDEO-1068","Travel in Your 20's","12230","Editorial Assets"
"VIDEO-2772","What Are Tips for Keeping Costs Down? | Travel in Your 20's","13960","VIDEO-1068","Travel in Your 20's","12230","Editorial Assets"
"VIDEO-2773","How to Couch Surf Safely | Travel in Your 20's","13961","VIDEO-1068","Travel in Your 20's","12230","Editorial Assets"
"VIDEO-2775","How to Travel Alone for Females | Travel in Your 20's","13963","VIDEO-1068","Travel in Your 20's","12230","Editorial Assets"
"VIDEO-2776","How Should You Dress When Traveling in Europe","13964","VIDEO-1068","Travel in Your 20's","12230","Editorial Assets"
"VIDEO-2777","How Should You Dress When Traveling in the Middle East","13965","VIDEO-1068","Travel in Your 20's","12230","Editorial Assets"
"VIDEO-2778","How Should You Dress When Traveling in Southeast Asia","13966","VIDEO-1068","Travel in Your 20's","12230","Editorial Assets"
"VIDEO-2779","How to Get Your Passport Back if You Lose it","13967","VIDEO-1068","Travel in Your 20's","12230","Editorial Assets"
"VIDEO-2782","How to Beat Jet Lag","13970","VIDEO-1068","Travel in Your 20's","12230","Editorial Assets"
"VIDEO-2783","How to Obtain Travel Insurance | Travel in Your 20's","13971","VIDEO-1068","Travel in Your 20's","12230","Editorial Assets"
"VIDEO-2787","How to Prepare to Travel to Australia","13975","VIDEO-1068","Travel in Your 20's","12230","Editorial Assets"
"VIDEO-2788","How to Prepare to Travel to Thailand","13976","VIDEO-1068","Travel in Your 20's","12230","Editorial Assets"
"VIDEO-2790","How to Prepare to Travel to South Africa","13978","VIDEO-1068","Travel in Your 20's","12230","Editorial Assets"
"VIDEO-2800","Camera A Reel 1","13988","VIDEO-1068","Travel in Your 20's","12230","Editorial Assets"
"VIDEO-2801","Camera B Reel 1","13989","VIDEO-1068","Travel in Your 20's","12230","Editorial Assets"
"VIDEO-2802","Camera A Reel 2","13990","VIDEO-1068","Travel in Your 20's","12230","Editorial Assets"
"VIDEO-2803","Camera B Reel 2","13991","VIDEO-1068","Travel in Your 20's","12230","Editorial Assets"
"VIDEO-2911","Traveling Panties | About Me","14099","VIDEO-1068","Travel in Your 20's","12230","Editorial Assets"
"VIDEO-3139","How to Avoid Scam Artists When Traveling","14327","VIDEO-1068","Travel in Your 20's","12230","Editorial Assets"
"VIDEO-1067","Latte Art","12229","","","",""
"VIDEO-2185","How to Free Pour","13373","VIDEO-1067","Latte Art","12229","Editorial Assets"
"VIDEO-2186","How to Steam Milk","13374","VIDEO-1067","Latte Art","12229","Editorial Assets"
"VIDEO-2187","How to Pour a Heart","13375","VIDEO-1067","Latte Art","12229","Editorial Assets"
"VIDEO-2188","How to Etch Spirals","13376","VIDEO-1067","Latte Art","12229","Editorial Assets"
"VIDEO-2189","How to Pour a Heart into a Rosetta","13377","VIDEO-1067","Latte Art","12229","Editorial Assets"
"VIDEO-2190","Different Types of Latte Art","13378","VIDEO-1067","Latte Art","12229","Editorial Assets"
"VIDEO-2191","How to Pour an Advanced Tulip","13379","VIDEO-1067","Latte Art","12229","Editorial Assets"
"VIDEO-2192","How to Pour a Rippled Tulip","13380","VIDEO-1067","Latte Art","12229","Editorial Assets"
"VIDEO-2193","How to Use Chocolate Powder","13381","VIDEO-1067","Latte Art","12229","Editorial Assets"
"VIDEO-2194","How to Pour a Rosetta","13382","VIDEO-1067","Latte Art","12229","Editorial Assets"
"VIDEO-2195","How to Pour a Wave","13383","VIDEO-1067","Latte Art","12229","Editorial Assets"
"VIDEO-2196","How to Pour a Wreath","13384","VIDEO-1067","Latte Art","12229","Editorial Assets"
"VIDEO-2197","How to Pour a Swan","13385","VIDEO-1067","Latte Art","12229","Editorial Assets"
"VIDEO-2199","Foundations of Latte Art","13387","VIDEO-1067","Latte Art","12229","Editorial Assets"
"VIDEO-2200","How to Pour a Rippled Heart","13388","VIDEO-1067","Latte Art","12229","Editorial Assets"
"VIDEO-2201","How to Make a Flower | Latte Art","13389","VIDEO-1067","Latte Art","12229","Editorial Assets"
"VIDEO-2203","How to Make Multiple Rosettas | Latte Art","13391","VIDEO-1067","Latte Art","12229","Editorial Assets"
"VIDEO-2204","How to Make a Phoenix | Latte Art","13392","VIDEO-1067","Latte Art","12229","Editorial Assets"
"VIDEO-2205","How to Make a Dragon | Latte Art","13393","VIDEO-1067","Latte Art","12229","Editorial Assets"
"VIDEO-2206","How to Make Latte Art Using Stencils | Latte Art","13394","VIDEO-1067","Latte Art","12229","Editorial Assets"
"VIDEO-2208","Tips for latte art at home","13396","VIDEO-1067","Latte Art","12229","Editorial Assets"
"VIDEO-2209","What type of machine is best for latte art","13397","VIDEO-1067","Latte Art","12229","Editorial Assets"
"VIDEO-2210","What is Microfoam? |Latte Art","13398","VIDEO-1067","Latte Art","12229","Editorial Assets"
"VIDEO-2211","How to Make the Best Tasting Latte | Latte Art","13399","VIDEO-1067","Latte Art","12229","Editorial Assets"
"VIDEO-2212","About Me","13400","VIDEO-1067","Latte Art","12229","Editorial Assets"
"VIDEO-2298","Cam A, Reel 1","13486","VIDEO-1067","Latte Art","12229","Editorial Assets"
"VIDEO-2299","Cam B, Reel 1","13487","VIDEO-1067","Latte Art","12229","Editorial Assets"
"VIDEO-2300","Cam C, Reel 1","13488","VIDEO-1067","Latte Art","12229","Editorial Assets"
"VIDEO-2364","How to Make an Espresso","13552","VIDEO-1067","Latte Art","12229","Editorial Assets"
"VIDEO-2434","How to Pour a Tulip","13622","VIDEO-1067","Latte Art","12229","Editorial Assets"
"VIDEO-1066","Avocado Recipes","12228","","","",""
"VIDEO-1506","How to Cut an Avocado","12694","VIDEO-1066","Avocado Recipes","12228","Editorial Assets"
"VIDEO-1507","How to Tell If an Avocado is Rotten","12695","VIDEO-1066","Avocado Recipes","12228","Editorial Assets"
"VIDEO-1508","How to Make Arugala Avocado Toast","12696","VIDEO-1066","Avocado Recipes","12228","Editorial Assets"
"VIDEO-1509","How to Make Spicy Avocado Toast","12697","VIDEO-1066","Avocado Recipes","12228","Editorial Assets"
"VIDEO-1510","How to Mash Avocado & Mix Guacamole","12698","VIDEO-1066","Avocado Recipes","12228","Editorial Assets"
"VIDEO-1511","How to Ripen & Store Avocados","12699","VIDEO-1066","Avocado Recipes","12228","Editorial Assets"
"VIDEO-1512","5 Quick Avacado Uses","12700","VIDEO-1066","Avocado Recipes","12228","Editorial Assets"
"VIDEO-1513","How to Make A Tomato and Avocado Salad","12701","VIDEO-1066","Avocado Recipes","12228","Editorial Assets"
"VIDEO-1514","How to Make Greek Goddess Avocado Dressing","12702","VIDEO-1066","Avocado Recipes","12228","Editorial Assets"
"VIDEO-1515","How to Make An Avocado Fried Egg Recipe","12703","VIDEO-1066","Avocado Recipes","12228","Editorial Assets"
"VIDEO-1516","How to Make An Avocado Smoothie for Kids","12704","VIDEO-1066","Avocado Recipes","12228","Editorial Assets"
"VIDEO-1517","How to Make a Creamy Avocado Pesto Recipe","12705","VIDEO-1066","Avocado Recipes","12228","Editorial Assets"
"VIDEO-1518","How to Make Simple Avocado Toast","12706","VIDEO-1066","Avocado Recipes","12228","Editorial Assets"
"VIDEO-1519","How to Make Avocado Olive Oil Eggless Mayonnaise","12707","VIDEO-1066","Avocado Recipes","12228","Editorial Assets"
"VIDEO-1520","How to Make Peach Avocado Toast","12708","VIDEO-1066","Avocado Recipes","12228","Editorial Assets"
"VIDEO-1521","How to Make Shrimp Stuffed Avocados","12709","VIDEO-1066","Avocado Recipes","12228","Editorial Assets"
"VIDEO-1522","How to Make Avocado Tomatillo Salsa","12710","VIDEO-1066","Avocado Recipes","12228","Editorial Assets"
"VIDEO-1524","How to Keep Your Guacamole Fresh","12712","VIDEO-1066","Avocado Recipes","12228","Editorial Assets"
"VIDEO-1525","Grilled Avocado","12713","VIDEO-1066","Avocado Recipes","12228","Editorial Assets"
"VIDEO-1526","Watermelon Salad with Lime and Avocado","12714","VIDEO-1066","Avocado Recipes","12228","Editorial Assets"
"VIDEO-1527","Avocado Slaw","12715","VIDEO-1066","Avocado Recipes","12228","Editorial Assets"
"VIDEO-1528","About Me","12716","VIDEO-1066","Avocado Recipes","12228","Editorial Assets"
"VIDEO-1871","Cam A, Reel 1","13059","VIDEO-1066","Avocado Recipes","12228","Editorial Assets"
"VIDEO-1872","Cam A, Reel 2 - Card 22","13060","VIDEO-1066","Avocado Recipes","12228","Editorial Assets"
"VIDEO-1873","Cam B, Reel 1","13061","VIDEO-1066","Avocado Recipes","12228","Editorial Assets"
"VIDEO-1874","Cam B, Reel 2 - Card 23","13062","VIDEO-1066","Avocado Recipes","12228","Editorial Assets"
"VIDEO-1875","Cam C, Reel 1","13063","VIDEO-1066","Avocado Recipes","12228","Editorial Assets"
"VIDEO-1065","Newlywed Finance","12227","","","",""
"VIDEO-1380","What are Money Tips for Just Married Couples","12542","VIDEO-1065","Newlywed Finance","12227","Editorial Assets"
"VIDEO-1381","Money Mistakes to Avoid When You Are a Newlywed","12543","VIDEO-1065","Newlywed Finance","12227","Editorial Assets"
"VIDEO-1382","Should You Merge Your Finances After Marriage?","12544","VIDEO-1065","Newlywed Finance","12227","Editorial Assets"
"VIDEO-1383","How to Manage your Debt | Newlywed Finance","12545","VIDEO-1065","Newlywed Finance","12227","Editorial Assets"
"VIDEO-1384","How to Live Debt Free | Newlywed Finance","12546","VIDEO-1065","Newlywed Finance","12227","Editorial Assets"
"VIDEO-1385","How to Evaluate Your Household Finances | Newlywed Finance","12547","VIDEO-1065","Newlywed Finance","12227","Editorial Assets"
"VIDEO-1386","How to Set Financial Goals | Newlywed Finance","12548","VIDEO-1065","Newlywed Finance","12227","Editorial Assets"
"VIDEO-1387","How to Create a Budget | Newlywed Finance","12549","VIDEO-1065","Newlywed Finance","12227","Editorial Assets"
"VIDEO-1388","Who Should Pay the Bills? | Newlywed Finance","12550","VIDEO-1065","Newlywed Finance","12227","Editorial Assets"
"VIDEO-1389","How Much Rent Can You Afford? | Newlywed Finance","12551","VIDEO-1065","Newlywed Finance","12227","Editorial Assets"
"VIDEO-1390","How Much of a Mortgage Can You Afford? | Newlywed Finance","12552","VIDEO-1065","Newlywed Finance","12227","Editorial Assets"
"VIDEO-1392","How to Update your Beneficiaries | Newlywed Finance","12554","VIDEO-1065","Newlywed Finance","12227","Editorial Assets"
"VIDEO-1394","How to Create or Update your Will | Newlywed Finance","12556","VIDEO-1065","Newlywed Finance","12227","Editorial Assets"
"VIDEO-1395","How to Update or re-evlauate all your insurance Policies  | Newlywed Finance","12557","VIDEO-1065","Newlywed Finance","12227","Editorial Assets"
"VIDEO-1396","How Should You Manage Your Finances Before and After Marriage","12558","VIDEO-1065","Newlywed Finance","12227","Editorial Assets"
"VIDEO-1397","How Do I Admit I have a Dark Financial Secret I've Been Keeping From My Spouse","12559","VIDEO-1065","Newlywed Finance","12227","Editorial Assets"
"VIDEO-1398","What are Ways Couples Can Avoid Fighting About Money","12560","VIDEO-1065","Newlywed Finance","12227","Editorial Assets"
"VIDEO-1399","How to Discuss Finances Together in a Marriage","12561","VIDEO-1065","Newlywed Finance","12227","Editorial Assets"
"VIDEO-1400","What's a Life Insurance Premium?","12562","VIDEO-1065","Newlywed Finance","12227","Editorial Assets"
"VIDEO-1401","What's an Insurance Deductible?","12563","VIDEO-1065","Newlywed Finance","12227","Editorial Assets"
"VIDEO-1402","What's Life Insurance?","12564","VIDEO-1065","Newlywed Finance","12227","Editorial Assets"
"VIDEO-1403","Why Start a Savings Account With Your Spouse?","12565","VIDEO-1065","Newlywed Finance","12227","Editorial Assets"
"VIDEO-1404","Why Setup an Emergency Fund With Your Spouse?","12566","VIDEO-1065","Newlywed Finance","12227","Editorial Assets"
"VIDEO-1405","What's a Medical Directive?","12567","VIDEO-1065","Newlywed Finance","12227","Editorial Assets"
"VIDEO-1406","Link Between Health Condition and Bankruptcy","12568","VIDEO-1065","Newlywed Finance","12227","Editorial Assets"
"VIDEO-1407","Money Tips for New Pet Owners","12569","VIDEO-1065","Newlywed Finance","12227","Editorial Assets"
"VIDEO-1408","How Spending Changes After Starting a Family","12570","VIDEO-1065","Newlywed Finance","12227","Editorial Assets"
"VIDEO-1409","How to Save for Future Children's Education","12571","VIDEO-1065","Newlywed Finance","12227","Editorial Assets"
"VIDEO-1410","About Me","12572","VIDEO-1065","Newlywed Finance","12227","Editorial Assets"
"VIDEO-1493","How to Handle a Financial Crisis | Newlywed Finance","12681","VIDEO-1065","Newlywed Finance","12227","Editorial Assets"
"VIDEO-1494","How to Improve Your Credit Score Together | Newlywed Finance","12682","VIDEO-1065","Newlywed Finance","12227","Editorial Assets"
"VIDEO-1495","Top Tips for First Time Home Buyers | Newlywed Finance","12683","VIDEO-1065","Newlywed Finance","12227","Editorial Assets"
"VIDEO-1496","What are Depreciating Assets | Newlywed Finance","12684","VIDEO-1065","Newlywed Finance","12227","Editorial Assets"
"VIDEO-1497","What are Appreciating Assets | Newlywed Finance","12685","VIDEO-1065","Newlywed Finance","12227","Editorial Assets"
"VIDEO-1498","Top Tips for Buying vs Renting | Newlywed Finance","12686","VIDEO-1065","Newlywed Finance","12227","Editorial Assets"
"VIDEO-1499","Why are Long Term Investments Important? | Newlywed Finance","12687","VIDEO-1065","Newlywed Finance","12227","Editorial Assets"
"VIDEO-1500","How to Build a Financial Legacy | Newlywed Finance","12688","VIDEO-1065","Newlywed Finance","12227","Editorial Assets"
"VIDEO-1501","Cam A, Reel 1","12689","VIDEO-1065","Newlywed Finance","12227","Editorial Assets"
"VIDEO-1502","Cam A, Reel 2","12690","VIDEO-1065","Newlywed Finance","12227","Editorial Assets"
"VIDEO-1503","Cam B, Reel 1","12691","VIDEO-1065","Newlywed Finance","12227","Editorial Assets"
"VIDEO-1504","Cam B, Reel 2","12692","VIDEO-1065","Newlywed Finance","12227","Editorial Assets"
